gfx,cu_num,token,model_dim,inter_dim,expert,topk,act_type,dtype,q_dtype_a,q_dtype_w,q_type,use_g1u1,doweight_stage1,block_m,ksplit,us1,kernelName1,err1,us2,kernelName2,err2,us,run_1stage,xbf16,flat,tflops,bw,_tag
gfx950,256,1,6144,1536,129,5,ActivationType.Swiglu,torch.bfloat16,torch.float4_e2m1fn_x2,torch.float4_e2m1fn_x2,QuantType.per_1x32,1,0,16,0,21.457,flydsl_mxmoe_g1_a4w4_16x128x256_f16in_hpf_nt_swiglu_xcd4,1.3%,0,flydsl_moe2_layout_afp4_wfp4_bf16_t16x128x256_atomic_sbm16,1.3%,21.457,0,0,0,13.19,170210.59,
gfx950,256,2,6144,1536,129,5,ActivationType.Swiglu,torch.bfloat16,torch.float4_e2m1fn_x2,torch.float4_e2m1fn_x2,QuantType.per_1x32,1,0,32,0,24.120,flydsl_moe1_afp4_wfp4_bf16_t32x32x256_bnt0_xcd4_kw4_fp4,1.0%,15.210,flydsl_moe2_layout_afp4_wfp4_bf16_t32x128x256_atomic_sbm32,1.2%,39.330,0,0,0,14.4,92861.1,
gfx950,256,4,6144,1536,129,5,ActivationType.Swiglu,torch.bfloat16,torch.float4_e2m1fn_x2,torch.float4_e2m1fn_x2,QuantType.per_1x32,1,0,32,0,36.540,flydsl_moe1_afp4_wfp4_bf16_t32x32x256_w4_bnt0_kw2_fp4,1.0%,23.410,flydsl_moe2_layout_afp4_wfp4_bf16_t32x256x128_reduce_sbm32,1.2%,59.950,0,0,0,18.89,60921.83,
gfx950,256,8,6144,1536,129,5,ActivationType.Swiglu,torch.bfloat16,torch.float4_e2m1fn_x2,torch.float4_e2m1fn_x2,QuantType.per_1x32,1,0,32,0,58.720,flydsl_moe1_afp4_wfp4_bf16_t32x64x256_w2_fp4,1.0%,38.120,flydsl_moe2_layout_afp4_wfp4_bf16_t32x128x256_atomic_sbm32,1.2%,96.840,0,0,0,23.39,37715.18,
gfx950,256,16,6144,1536,129,5,ActivationType.Swiglu,torch.bfloat16,torch.float4_e2m1fn_x2,torch.float4_e2m1fn_x2,QuantType.per_1x32,1,0,32,0,98.610,flydsl_moe1_afp4_wfp4_bf16_t32x128x256_w2_xcd4_fp4,1.0%,59.430,flydsl_moe2_layout_afp4_wfp4_bf16_t32x128x256_atomic_nt_sbm32,1.2%,158.040,0,0,0,28.66,23111.14,
gfx950,256,32,6144,1536,129,5,ActivationType.Swiglu,torch.bfloat16,torch.float4_e2m1fn_x2,torch.float4_e2m1fn_x2,QuantType.per_1x32,1,0,32,0,165.230,flydsl_moe1_afp4_wfp4_bf16_t32x32x256_w4_kw2_fp4,1.0%,88.750,flydsl_moe2_layout_afp4_wfp4_bf16_t32x128x256_atomic_persist_nt_sbm32,1.2%,253.980,0,0,0,35.67,14382.16,
gfx950,256,64,6144,1536,129,5,ActivationType.Swiglu,torch.bfloat16,torch.float4_e2m1fn_x2,torch.float4_e2m1fn_x2,QuantType.per_1x32,1,0,32,0,166.410,flydsl_moe1_afp4_wfp4_bf16_t32x64x256_w3_xcd4_kw2_fp4,1.0%,91.200,flydsl_moe2_layout_afp4_wfp4_bf16_t32x128x256_atomic_persist_nt_sbm32,1.2%,257.610,0,0,0,70.34,14181.79,
gfx950,256,128,6144,1536,129,5,ActivationType.Swiglu,torch.bfloat16,torch.float4_e2m1fn_x2,torch.float4_e2m1fn_x2,QuantType.per_1x32,1,0,32,0,169.120,flydsl_moe1_afp4_wfp4_bf16_t32x32x256_w2_kw4_fp4,1.0%,94.500,flydsl_moe2_layout_afp4_wfp4_bf16_t32x256x256_atomic_persist_nt_sbm32,1.2%,263.620,0,0,0,137.47,13862.94,
gfx950,256,256,6144,1536,129,5,ActivationType.Swiglu,torch.bfloat16,torch.float4_e2m1fn_x2,torch.float4_e2m1fn_x2,QuantType.per_1x32,1,0,32,0,171.500,flydsl_moe1_afp4_wfp4_bf16_t32x64x256_w3_kw2_fp4,1.0%,99.800,flydsl_moe2_layout_afp4_wfp4_bf16_t32x256x256_atomic_persist_nt_sbm32,1.2%,271.300,0,0,0,267.15,13479.21,
gfx950,256,512,6144,1536,129,5,ActivationType.Swiglu,torch.bfloat16,torch.float4_e2m1fn_x2,torch.float4_e2m1fn_x2,QuantType.per_1x32,1,0,32,0,175.200,flydsl_moe1_afp4_wfp4_bf16_t32x64x256_w4_kw2_fp4,1.0%,104.300,flydsl_moe2_layout_afp4_wfp4_bf16_t32x128x256_atomic_nt_sbm32,1.2%,279.500,0,0,0,518.62,13100.63,
gfx950,256,1024,6144,1536,129,5,ActivationType.Swiglu,torch.bfloat16,torch.float4_e2m1fn_x2,torch.float4_e2m1fn_x2,QuantType.per_1x32,1,0,64,0,192.400,flydsl_moe1_afp4_wfp4_bf16_t64x128x256_w3_fp4,1.0%,123.600,flydsl_moe2_layout_afp4_wfp4_bf16_t64x128x256_atomic_nt_sbm64,1.2%,316.000,0,0,0,917.44,11617.29,
gfx950,256,2048,6144,1536,129,5,ActivationType.Swiglu,torch.bfloat16,torch.float4_e2m1fn_x2,torch.float4_e2m1fn_x2,QuantType.per_1x32,1,0,128,0,245.800,flydsl_moe1_afp4_wfp4_bf16_t128x128x256_w2_fp4,1.0%,196.200,flydsl_moe2_layout_afp4_wfp4_bf16_t64x128x256_atomic_persist_sbm128,1.2%,442.000,0,0,0,1311.81,8348.28,
gfx950,256,4096,6144,1536,129,5,ActivationType.Swiglu,torch.bfloat16,torch.float4_e2m1fn_x2,torch.float4_e2m1fn_x2,QuantType.per_1x32,1,0,64,0,348.600,flydsl_moe1_afp4_wfp4_bf16_t64x128x256_w2_bnt0_xcd4_fp4,1.0%,341.200,flydsl_moe2_layout_afp4_wfp4_bf16_t64x128x256_atomic_sbm64,1.2%,689.800,0,0,0,1681.13,5404.01,
gfx950,256,8192,6144,1536,129,5,ActivationType.Swiglu,torch.bfloat16,torch.float4_e2m1fn_x2,torch.float4_e2m1fn_x2,QuantType.per_1x32,1,0,64,0,528.400,flydsl_moe1_afp4_wfp4_bf16_t64x128x256_w3_bnt0_xcd4_fp4,1.0%,581.300,flydsl_moe2_layout_afp4_wfp4_bf16_t64x128x256_reduce_sbm64,1.2%,1109.700,0,0,0,2090.01,3427.22,
gfx950,256,16384,6144,1536,129,5,ActivationType.Swiglu,torch.bfloat16,torch.float4_e2m1fn_x2,torch.float4_e2m1fn_x2,QuantType.per_1x32,1,0,64,0,862.500,flydsl_moe1_afp4_wfp4_bf16_t64x128x256_w2_bnt0_xcd4_fp4,1.0%,1102.400,flydsl_moe2_layout_afp4_wfp4_bf16_t64x256x128_reduce_persist_sbm64,1.2%,1964.900,0,0,0,2360.71,2012.41,
gfx950,256,32768,6144,1536,129,5,ActivationType.Swiglu,torch.bfloat16,torch.float4_e2m1fn_x2,torch.float4_e2m1fn_x2,QuantType.per_1x32,1,0,64,0,1528.700,flydsl_moe1_afp4_wfp4_bf16_t64x128x256_w2_bnt0_xcd4_fp4,1.0%,2214.500,flydsl_moe2_layout_afp4_wfp4_bf16_t64x256x128_reduce_persist_sbm64,1.2%,3743.200,0,0,0,2478.4,1137.04,
